variable,nchar,start,end,desc,keep
SSUSEQ,5,1,5,Sequence Number of Sample Unit - Primary,1
SSUID,12,6,17,Sample Unit Identifier,1
SPANEL,4,18,21,Sample Code - Indicates Panel Year,1
SWAVE,2,22,23,Wave of data collection,1
SROTATON,1,24,24,Rotation of data collection,1
SREFMON,1,25,25,Reference month of this record,1
RHCALMN,2,26,27,Calendar month for this reference month.,1
RHCALYR,4,28,31,Calendar year for this reference month,1
SHHADID,3,32,34,Hhld Address ID differentiates hhlds in,1
GVARSTR,3,35,37,Variance Stratum Code,
GHLFSAM,1,38,38,Half Sample Code,
GRGC,3,39,41,Reduction Group Code,
TFIPSST,2,42,43,FIPS State Code,1
TMOVRFLG,2,44,45,Mover flag,1
EOUTCOME,3,46,48,Interview Status code for this household,1
RHNF,2,49,50,Number of families and pseudo families in,1
RHNFAM,2,51,52,No. of fams and psuedo fams (excluding,
RHNSF,2,53,54,Number of related subfamilies for this,
EHREFPER,4,55,58,Person number of household reference,1
EHHNUMPP,3,59,61,Total number of persons in this household,1
RHTYPE,1,62,62,Household type,1
WHFNWGT,10,63,72,Household weight,
TMETRO,1,73,73,Metro status,1
RHCHANGE,1,74,74,Change in household composition from,1
RHNSSR,2,75,76,Number of Social Security recipients in,1
ETENURE,1,77,77,Ownership status of living quarters,1
ATENURE,1,78,78,Allocation flag for ETENURE,
EPUBHSE,2,79,80,Residence in public housing project,
APUBHSE,1,81,81,Allocation flag for EPUBHSE,
EGVTRNT,2,82,83,Receipt of government subsidized rent,
AGVTRNT,1,84,84,Allocation flag for EGVTRNT,
TMTHRNT,6,85,90,Amount of monthly rent,1
AMTHRNT,1,91,91,Allocation flag for TMTHRNT,
EWRSECT8,2,92,93,Residence in Section 8 or other program,
AWRSECT8,1,94,94,Allocation flag for EWRSECT8,
EUTILYN,2,95,96,Payment of utilities in public housing,
AUTILYN,1,97,97,Allocation flag for EUTILYN,
EEGYAST,2,98,99,Receipt of energy assistance,
AEGYAST,1,100,100,Allocation Flag for EEGYAST,
EEGYPMT1,2,101,102,Energy assistance payment by check,
EEGYPMT2,2,103,104,Energy assistance payment by coupons,
EEGYPMT3,2,105,106,"Energy assist paymnt to utils, fuel",
AEGYPMT,1,107,107,Allocation flag for EEGYPMT1-EEGYPMT3,
EEGYAMT,5,108,112,Amount of energy assistance,
AEGYAMT,1,113,113,Allocation flag for EEGYAMT,
EHOTLUNC,2,114,115,Receipt of a school lunch,1
AHOTLUNC,1,116,116,Allocation flag for EHOTLUNC,
RNKLUN,2,117,118,Number of children receiving lunch at,1
EFREELUN,2,119,120,Qualify for free or reduced price school,1
AFREELUN,1,121,121,Allocation flag for EFREELUN,
EFRERDLN,2,122,123,Were the lunches free or reduced price?,
AFRERDLN,1,124,124,Allocation flag for EFRERDLN,
EBRKFST,2,125,126,Receipt of school breakfast,
ABRKFST,1,127,127,Allocation flag for EBRKFST,
RNKBRK,2,128,129,Number of children receiving complete,
EFREEBRK,2,130,131,Qualify for free or reduced price,
AFREEBRK,1,132,132,Allocation flag for EFREEBRK,
EFRERDBK,2,133,134,Were they free or reduced price?,
AFRERDBK,1,135,135,Allocation flag for EFRERDBK,
RPRGQUES,1,136,136,Flag indicating transfer of program,
THEARN,7,137,143,Total household earned income,1
THPRPINC,8,144,151,Total household property income,
THTRNINC,7,152,158,Total household means-tested cash,
THOTHINC,7,159,165,Total 'other' household income,
THTOTINC,8,166,173,Total household income,1
RHNBRF,2,174,175,Household noncash benefits receipt flag,1
RHCBRF,2,176,177,Household cash benefits receipt flag,1
RHMTRF,2,178,179,Household means-tested cash or noncash,
RHPOV,5,180,184,Poverty threshold for this household in,1
THPNDIST,7,185,191,Distributions from pension plans,
THLUMPSM,8,192,199,Retirement lump sum payments,
THNONCSH,6,200,205,Total Household Noncash Income Recode,
THSOCSEC,6,206,211,Total Household Social Security Income,
THSSI,6,212,217,Total Household Supplemental Security,
THUNEMP,6,218,223,Total Household Unemployment Income Recode,
THVETS,6,224,229,Total Household Veterans Payments Recode,
THAFDC,6,230,235,Total household public assistance payments,
THFDSTP,6,236,241,Total Household food stamps Received,1
RFID,3,242,244,Family ID Number for this month,1
RFID2,3,245,247,Family ID excluding related subfamily,
EFNP,2,248,249,Number of persons in this family or,1
EFREFPER,4,250,253,Person number of the family reference,1
EFSPOUSE,4,254,257,Person number of spouse of family,1
EFTYPE,2,258,259,Type of family (or pseudo-family),1
RFCHANGE,1,260,260,Change in family composition from,
EFKIND,2,261,262,Kind of family (or pseudo-family),1
RFNKIDS,2,263,264,Total number of children under 18 in,1
RFOWNKID,2,265,266,Number of own children in family,
RFOKLT18,2,267,268,Number of own children under 18 in family,
RFNSSR,2,269,270,Number of Social Security recipients in,
WFFINWGT,10,271,280,'WPFINWGT' for head of family,
TFEARN,7,281,287,Total family earned income for this month,1
TFPRPINC,8,288,295,Total family property income for this,
TFTRNINC,7,296,302,Total family means-tested cash transfers,
TFOTHINC,7,303,309,Total 'other' family income for this month,
TFTOTINC,8,310,317,Total family income for this month,
RFPOV,5,318,322,Poverty threshold for this family in this,
TFPNDIST,7,323,329,Family distributions from pension plans,
TFLUMPSM,8,330,337,Family retirement lump sum payments,
TFSOCSEC,6,338,343,Total Family Social Security Income Recode,
TFSSI,6,344,349,Total Family Supplemental Security Income,
TFUNEMP,6,350,355,Total Family Unemployment Income Recode,
TFVETS,6,356,361,Total Family Veterans Payments Recode,
TFAFDC,6,362,367,Total Family public assistance payments,
TFFDSTP,6,368,373,Total Family food stamps Received Recode,
RSID,3,374,376,Related or unrelated subfamily ID Number,
ESFNP,2,377,378,Number of persons in this related,
ESFRFPER,4,379,382,Person number of the related subfamily,
ESFSPSE,4,383,386,Person number of spouse of related subfam,
ESFTYPE,2,387,388,Type of family (or pseudo-family),
ESFKIND,2,389,390,Kind of family (or pseudo-family),
RSCHANGE,2,391,392,Change in related subfam composition from,
ESOWNKID,2,393,394,Number of own children in related,
ESOKLT18,2,395,396,Number of own children under 18 in,
WSFINWGT,10,397,406,'WPFINWGT' for head of subfamily,
TSFEARN,7,407,413,Total related subfamily earned income for,
TSPRPINC,8,414,421,Total related subfamily property inc for,
TSTRNINC,7,422,428,Total related subfamily means-tested cash,
TSOTHINC,7,429,435,Total 'other' related subfamily income,
TSTOTINC,8,436,443,Total related subfamily income for this,
RSFPOV,5,444,448,Poverty threshold for this related,
TSPNDIST,7,449,455,Related subfamily distributions from,
TSLUMPSM,8,456,463,Related subfamily retirement lump sum,
TSSOCSEC,6,464,469,Total related subfamily Social Security,
TSSSI,6,470,475,Total related subfamily Supplemental,
TSVETS,6,476,481,Total related subfamily Veterans Payments,
TSUNEMP,6,482,487,Total related subfamily unemployment,
TSAFDC,6,488,493,Total related subfamily public assistance,
TSFDSTP,6,494,499,Total related subfamily food stamps income,
EENTAID,3,500,502,Address ID of hhld where person entered,
EPPPNUM,4,503,506,Person number,1
EPPINTVW,2,507,508,Person's interview status,
EPOPSTAT,1,509,509,Population status based on age in 4th,
EBMNTH,2,510,511,Month of birth,
ABMNTH,1,512,512,Allocation flag for EBMNTH,
TBYEAR,4,513,516,Year of birth,1
ABYEAR,1,517,517,Allocation flag for TBYEAR,
ESEX,1,518,518,Sex of this person,1
ASEX,1,519,519,Allocation flag for ESEX,
ERACE,1,520,520,The race(s) the respondent is,1
ARACE,1,521,521,Allocation flag for ERACE,
EORIGIN,2,522,523,"Spanish, Hispanic or Latino",1
AORIGIN,1,524,524,Allocation flag for EORIGIN,
EBORNUS,2,525,526,Respondent was born in the U.S.,1
ABORNUS,1,527,527,Allocation flag for EBORNUS,
ECITIZEN,2,528,529,US Citizenship Status of Respondent,1
ACITIZEN,1,530,530,Allocation flag for ECITIZEN,
ENATCIT,2,531,532,How the respondent became a US citizen,
ANATCIT,1,533,533,Allocation flag for ENATCIT,
ESPEAK,2,534,535,Speak language other than English,1
ASPEAK,1,536,536,Allocation flag for ESPEAK,
TLANG1,2,537,538,What language is spoken at home,
ALANG1,1,539,539,Allocation flag for TLANG,
EHOWWELL,2,540,541,Ability to speak English,1
AHOWWELL,1,542,542,Allocation flag for EHOWWELL,
RLNGISOL,2,543,544,Linguistic isolation,
UEVRWID,1,545,545,UNEDITED VARIABLE - Has ... ever been,
UEVRDIV,1,546,546,UNEDITED VARIABLE - Has ... ever been,
EAFNOW,2,547,548,Current Armed Forces status,
AAFNOW,1,549,549,Allocation flag for EAFNOW,
EAFEVER,2,550,551,Lifetime Armed Forces status,
AAFEVER,1,552,552,Allocation flag for EAFEVER,
UAF1,1,553,553,UNEDITED - From August 1990 to present,
UAF2,1,554,554,UNEDITED - From September 1980 to July,
UAF3,1,555,555,UNEDITED - From May 1975 to August 1980,
UAF4,1,556,556,UNEDITED - From August 1964 - April 1975,
UAF5,1,557,557,UNEDITED - Other service (All other,
EVAYN,2,558,559,Receipt of payments from the VA this wave,
AVAYN,1,560,560,Allocation flag for EVAYN,
EVETTYP,2,561,562,Type of Veteran's payments,
AVETTYP,1,563,563,Allocation flag for EVETTYP,
EVAQUES,2,564,565,Veteran's annual income questionnaire,
AVAQUES,1,566,566,Allocation flag for EVAQUES,
WPFINWGT,10,567,576,Person weight,
ESFR,1,577,577,Subfamily relationship,
ESFT,1,578,578,Family type,
TAGE,2,579,580,Age as of last birthday,1
AAGE,1,581,581,Allocation flag for TAGE,
ERRP,2,582,583,Household relationship,1
ARRP,1,584,584,Allocation flag for ERRP,
EMS,1,585,585,Marital status,1
AMS,1,586,586,Allocation flag for EMS,
EPNSPOUS,4,587,590,Person number of spouse,1
APNSPOUS,1,591,591,Allocation flag for EPNSPOUS,
EPNMOM,4,592,595,Person number of mother,
APNMOM,1,596,596,Allocation flag for EPNMOM,
EPNDAD,4,597,600,Person number of father,
APNDAD,1,601,601,Allocation flag for EPNDAD,
EPNGUARD,4,602,605,Person number of guardian,
APNGUARD,1,606,606,Allocation flag for EPNGUARD,
ETYPMOM,2,607,608,Type of child to mother,
ATYPMOM,1,609,609,Allocation flag for ETYPMOM,
ETYPDAD,2,610,611,Type of child to father,
ATYPDAD,1,612,612,Allocation flag for ETYPDAD,
RDESGPNT,2,613,614,Designated parent or guardian flag,
ULFTMAIN,2,615,616,UNEDITED VARIABLE - Main reason left,
UENTMAIN,2,617,618,UNEDITED VARIABLE - Main reason entered,
TPEARN,7,619,625,Total person's earned income for the,1
TPPRPINC,8,626,633,Total property (asset) income for the,
TPTRNINC,7,634,640,Total means-tested cash transfer for the,
TPOTHINC,7,641,647,Total person's other income for the,
TPTOTINC,8,648,655,Total person's income for the reference,
TPPNDIST,5,656,660,Distributions from pension plans,
TPLUMPSM,6,661,666,Retirement lump sum payments,
EHTLNYN,2,667,668,Receipt of school lunch,
AHTLNYN,1,669,669,Allocation flag for EHTLNYN,
EBKFSYN,2,670,671,Receipt of breakfast under Fed School,
ABKFSYN,1,672,672,Allocation flag for EBKFSYN,
RCUTYP01,1,673,673,Social Security coverage flag (ISS 1),
RCUOWN01,4,674,677,Person number of the owner of the SS,
RCUTYP03,1,678,678,Federal SSI coverage flag,
RCUOWN03,4,679,682,Person number of the owner of the Federal,
RCUTYP04,1,683,683,State SSI coverage flag,
RCUOWN04,4,684,687,Person number of the owner of the State,
RCUTYP08,1,688,688,Veteran payment coverage flag,
RCUOWN8A,4,689,692,Person number of the 1st owner of Vet.,
RCUOWN8B,4,693,696,Person number of the 2nd owner of Vet.,
RCUTYP20,1,697,697,Public assistance payments program,
RCUOWN20,4,698,701,Person number of owner of public,
RCUTYP21,1,702,702,General Assistance coverage flag,
RCUOW21A,4,703,706,Person number of first owner of Gen,
RCUOW21B,4,707,710,Person number of second owner of Gen,
RCUTYP23,1,711,711,Foster Child Care coverage flag,
RCUOWN23,4,712,715,Person number of owner of Foster Child,
RCUTYP24,1,716,716,Other welfare coverage flag,
RCUOW24A,4,717,720,Person number of first owner of other,
RCUOW24B,4,721,724,Person number of second owner of other,
RCUTYP25,1,725,725,WIC coverage flag,
RCUOWN25,4,726,729,Person number of the owner of the WIC,
RCUTYP27,1,730,730,food Stamp coverage flag,
RCUOWN27,4,731,734,Person number of the owner of the food,
RCUTYP57,1,735,735,Medicaid coverage flag,
RCUOWN57,4,736,739,Person number of the owner of the,
RCUTYP58,1,740,740,Health ins coverage flag (not Medicare or,
RCUOW58A,4,741,744,Person number of 1st owner of health ins,
RCUOW58B,4,745,748,Person number of 2nd owner of health ins,
RENROLL,2,749,750,Enrolled Full/Part sometime during 4,
ARENROLL,1,751,751,Allocation flag for RENROLL,
EENRLM,2,752,753,Enrollment status in this month,
AENRLM,1,754,754,Allocation flag for EENRLM,
RENRLMA,2,755,756,Full period enrollment status,
EENLEVEL,2,757,758,Level or grade enrolled,
AENLEVEL,1,759,759,Allocation flag for EENLEVEL,
EEDFUND,2,760,761,Educational assistance,
AEDFUND,1,762,762,Allocation flag for EEDFUND,
EASST01,2,763,764,Federal Pell Grant,
EASST03,2,765,766,Assistance from college (or fed) work,
EASST04,2,767,768,"Other Federal Grant or Program; e.g.,",
EASST05,2,769,770,Loan that has to be repaid (Stafford or,
EASST06,2,771,772,"Grant, Scholarship, or Tuition remission",
EASST07,2,773,774,Teaching or Research Assistantship from,
EASST08,2,775,776,Grant/Scholarship from the state,
EASST09,2,777,778,Grant/Scholarship from other source,
EASST10,2,779,780,Employer provided educational assistance,
EASST11,2,781,782,Other Financial Aid excl. aid from,
EASST12,2,783,784,Aid from a state or local welfare office,
AEDASST,1,785,785,Allocation flag for EASST01-EASST12,
EEDUCATE,2,786,787,Highest Degree received or grade completed,1
AEDUCATE,1,788,788,Allocation flag for EEDUCATE,
RGED,2,789,790,Completed high school by GED or,
AGED,1,791,791,Allocation flag for RGED,
EVOCAT,2,792,793,"Attended vocational, technical, trade, or",
AVOCAT,1,794,794,Allocation flag for EVOCAT,
RCOLLVOC,2,795,796,Diploma or certificate from vocational,
ACOLLVOC,1,797,797,Allocation flag for RCOLLVOC,
EPDJBTHN,2,798,799,Paid job during the reference period,1
APDJBTHN,1,800,800,Allocation flag for EPDJBTHN,
EPPFLAG,2,801,802,Flag denoting imputation of labor force,
EMAX,2,803,804,Number of weeks in the reference period,
EBUSCNTR,2,805,806,Number of businesses owned during,
EJOBCNTR,2,807,808,Number of jobs held during the reference,
EEVERET,2,809,810,Ever retired from a job,
AEVERET,1,811,811,Allocation flag for EEVERET,
EDISABL,2,812,813,Had a work-limiting physical or mental,
ADISABL,1,814,814,Allocation flag for EDISABL,
EDISPREV,2,815,816,Had work-preventing,
ADISPREV,1,817,817,Allocation flag for EDISPREV,
ERSNOWRK,2,818,819,Main reason for not having a job during,
ARSNOWRK,1,820,820,Allocation flag for ERSNOWRK,
EAWOP,2,821,822,Had full-week unpaid absences from work,
AAWOP,1,823,823,Allocation flag for EAWOP,
EABRE,2,824,825,Main reason for being absent without pay,
AABRE,1,826,826,Allocation flag for EABRE,
EPTWRK,2,827,828,Worked less than 35 hours some weeks,
APTWRK,1,829,829,Allocation flag for EPTWRK,
EPTRESN,2,830,831,Main reason for working less than 35 hours,
APTRESN,1,832,832,Allocation flag for EPTRESN,
ELKWRK,2,833,834,Spent time looking for work,
ALKWRK,1,835,835,Allocation flag for ELKWRK,
ELAYOFF,2,836,837,Spent time on layoff from a job,
ALAYOFF,1,838,838,Allocation flag for ELAYOFF,
RTAKJOB,2,839,840,Could ... have started a job during,
RNOTAKE,2,841,842,Reason couldn't start job,
EHRSALL,2,843,844,Usual hours worked at all jobs during the,
AHRSALL,1,845,845,Allocation flag for EHRSALL,
EMOONLIT,2,846,847,Additional work,
AMOONLIT,1,848,848,Allocation flag for EMOONLIT,
TMLMSUM,5,849,853,Amount of income from moonlighting or,
AMLMSUM,1,854,854,Allocation flag for TMLMSUM,
EBFLAG,2,855,856,Flag indicating worker with unknown job,
ECFLAG,2,857,858,Flag indicating an other-work-arrangement,
RMESR,2,859,860,Employment status recode for month,1
RWKESR1,2,861,862,Employment Status Recode for Week 1,
RWKESR2,2,863,864,Employment Status Recode for Week 2,
RWKESR3,2,865,866,Employment Status Recode for Week 3,
RWKESR4,2,867,868,Employment Status Recode for Week 4,
RWKESR5,2,869,870,Employment Status Recode for Week 5,
RMWKWJB,2,871,872,Number of weeks with a job in month,
RMWKSAB,2,873,874,Number of weeks absent without pay from,
AWKSAB,1,875,875,Allocation flag for RMWKSAB,
RMWKLKG,2,876,877,Number of weeks looking for work/on,
AWKLKG,1,878,878,Allocation flag for RMWKLKG,
RMHRSWK,2,879,880,Usual hours worked per week recode in,
RWKSPERM,2,881,882,Number of weeks in this month,
EENO1,2,883,884,Across-wave employer index/number,
ESTLEMP1,2,885,886,Still working for this employer,
ASTLEMP1,1,887,887,Allocation flag for ESTLEMP1,
TSJDATE1,8,888,895,Starting date of job,1
ASJDATE1,1,896,896,Allocation flag for TSJDATE1,
TEJDATE1,8,897,904,Ending date of job,1
AEJDATE1,1,905,905,Allocation flag for TEJDATE1,
ERSEND1,2,906,907,Main reason stopped working for employer,1
ARSEND1,1,908,908,Allocation flag for ERSEND1,
EJBHRS1,2,909,910,Usual hours worked per week at this job,
AJBHRS1,1,911,911,Allocation flag for EJBHRS1,
EEMPLOC1,2,912,913,Employer operations in more than one,
AEMPLOC1,1,914,914,Allocation flag for EEMPLOC1,
TEMPALL1,2,915,916,Number of employees at all locations,
AEMPALL1,1,917,917,Allocation flag for EEMPALL1,
TEMPSIZ1,2,918,919,Employees at worker's location,
AEMPSIZ1,1,920,920,Allocation flag for EEMPSIZ1,
EOCCTIM1,3,921,923,Length of time in this occupation,1
AOCCTIM1,1,924,924,Allocation flag for EOCCTIM1,
ECLWRK1,2,925,926,Class of worker,
ACLWRK1,1,927,927,Allocation flag for ECLWRK1,
EUNION1,2,928,929,Union/employee-association membership,
AUNION1,1,930,930,Allocation flag for EUNION1,
ECNTRC1,2,931,932,Coverage by union or something like a,
ACNTRC1,1,933,933,Allocation flag for ECNTRC1,
TPMSUM1,5,934,938,Earnings from job received in this month,
APMSUM1,1,939,939,Allocation flag for TPMSUM1,
EPAYHR1,2,940,941,Paid by the hour,
APAYHR1,1,942,942,Allocation flag for EPAYHR1,
TPYRATE1,4,943,946,Regular hourly pay rate,
APYRATE1,1,947,947,Allocation flag for TPYRATE1,
RPYPER1,2,948,949,Frequency of payment at job,
EJBIND1,4,950,953,Industry code,
AJBIND1,1,954,954,Allocation flag for EJBIND1,
TJBOCC1,4,955,958,Occupation classification code,1
AJBOCC1,1,959,959,Allocation flag for TJBOCC1,
EENO2,2,960,961,Across-wave employer index/number,
ESTLEMP2,2,962,963,Still working for this employer,
ASTLEMP2,1,964,964,Allocation flag for ESTLEMP2,
TSJDATE2,8,965,972,Starting date of job,
ASJDATE2,1,973,973,Allocation flag for TSJDATE2,
TEJDATE2,8,974,981,Ending date of job,
AEJDATE2,1,982,982,Allocation flag for TEJDATE2,
ERSEND2,2,983,984,Main reason stopped working for employer,
ARSEND2,1,985,985,Allocation flag for ERSEND2,
EJBHRS2,2,986,987,Usual hours worked per week at this job,
AJBHRS2,1,988,988,Allocation flag for EJBHRS2,
EEMPLOC2,2,989,990,Employer operations in more than one,
AEMPLOC2,1,991,991,Allocation flag for EEMPLOC2,
TEMPALL2,2,992,993,Number of employees at all locations,
AEMPALL2,1,994,994,Allocation flag for EEMPALL2,
TEMPSIZ2,2,995,996,Employees at worker's location,
AEMPSIZ2,1,997,997,Allocation flag for EEMPSIZ2,
EOCCTIM2,3,998,1000,Length of time in this occupation,
AOCCTIM2,1,1001,1001,Allocation flag for EOCCTIM2,
ECLWRK2,2,1002,1003,Class of worker,
ACLWRK2,1,1004,1004,Allocation flag for ECLWRK2,
EUNION2,2,1005,1006,Union/employee-association membership,
AUNION2,1,1007,1007,Allocation flag for EUNION2,
ECNTRC2,2,1008,1009,Coverage by union or something like a,
ACNTRC2,1,1010,1010,Allocation flag for ECNTRC2,
TPMSUM2,5,1011,1015,Earnings from job received in this month,
APMSUM2,1,1016,1016,Allocation flag for TPMSUM2,
EPAYHR2,2,1017,1018,Paid by the hour,
APAYHR2,1,1019,1019,Allocation flag for EPAYHR2,
TPYRATE2,4,1020,1023,Regular hourly pay rate,
APYRATE2,1,1024,1024,Allocation flag for TPYRATE2,
RPYPER2,2,1025,1026,Frequency of payment at job,
EJBIND2,4,1027,1030,Industry code,
AJBIND2,1,1031,1031,Allocation flag for EJBIND2,
TJBOCC2,4,1032,1035,Occupational classification code,
AJBOCC2,1,1036,1036,Allocation flag for TJBOCC2,
EBNO1,2,1037,1038,Across-wave business index/number,
EBIZNOW1,2,1039,1040,Ownership of business,1
ABIZNOW1,1,1041,1041,Allocation flag for EBIZNOW1,
TSBDATE1,8,1042,1049,Date operation of business began,1
ASBDATE1,1,1050,1050,Allocation flag for TSBDATE1,
TEBDATE1,8,1051,1058,Date operation of business ended,
AEBDATE1,1,1059,1059,Allocation flag for TEBDATE1,
ERENDB1,2,1060,1061,Reason business ended,
ARENDB1,1,1062,1062,Allocation flag for ERENDB1,
EHRSBS1,2,1063,1064,Usual hours worked per week,
AHRSBS1,1,1065,1065,Allocation flag for EHRSBS1,
EGROSB1,2,1066,1067,Anticipated gross-earnings level,
AGROSB1,1,1068,1068,Allocation flag for EGROSB1,
EGRSSB1,2,1069,1070,Earnings level last 12 months,
AGRSSB1,1,1071,1071,Allocation flag for EGRSSB1,
TEMPB1,2,1072,1073,Maximum number of employees,
AEMPB1,1,1074,1074,Allocation flag for EEMPB1,
EINCPB1,2,1075,1076,Incorporated business,
AINCPB1,1,1077,1077,Allocation flag for EINCPB1,
EPROPB1,2,1078,1079,Type of proprietorship,
APROPB1,1,1080,1080,Allocation flag for EPROPB1,
EHPRTB1,2,1081,1082,Other owners/partners in household,
AHPRTB1,1,1083,1083,Allocation flag for EHPRTB1,
ESLRYB1,2,1084,1085,Salary draw from business,
ASLRYB1,1,1086,1086,Allocation flag for ESLRYB1,
EOINCB1,2,1087,1088,Receipt of non-salary income,
AOINCB1,1,1089,1089,Allocation flag for EOINCB1,
TPRFTB1,6,1090,1095,Net profit or loss,
APRFTB1,1,1096,1096,Allocation flag for TPRFTB1,
TBMSUM1,5,1097,1101,Income received this month,
ABMSUM1,1,1102,1102,Allocation flag for TBMSUM1,
EPARTB11,4,1103,1106,Person number of partner 1,
EPARTB21,4,1107,1110,Person number of partner 2,
EPARTB31,4,1111,1114,Person number of partner 3,
TBSIND1,2,1115,1116,Industry code,
ABSIND1,1,1117,1117,Allocation flag for TBSIND1,
TBSOCC1,4,1118,1121,Occupation code,
ABSOCC1,1,1122,1122,Allocation flag for TBSOCC1,
EBNO2,2,1123,1124,Across-wave business index/number,
EBIZNOW2,2,1125,1126,Ownership of business,
ABIZNOW2,1,1127,1127,Allocation flag for EBIZNOW2,
TSBDATE2,8,1128,1135,Date operation of business began,
ASBDATE2,1,1136,1136,Allocation flag for TSBDATE2,
TEBDATE2,8,1137,1144,Date operation of business ended,
AEBDATE2,1,1145,1145,Allocation flag for TEBDATE2,
ERENDB2,2,1146,1147,Reason business ended,
ARENDB2,1,1148,1148,Allocation flag for ERENDB2,
EHRSBS2,2,1149,1150,Usual hours worked per week,
AHRSBS2,1,1151,1151,Allocation flag for EHRSBS2,
EGROSB2,2,1152,1153,Anticipated gross-earnings level,
AGROSB2,1,1154,1154,Allocation flag for EGROSB2,
EGRSSB2,2,1155,1156,Earnings level last 12 months,
AGRSSB2,1,1157,1157,Allocation flag for EGRSSB2,
TEMPB2,2,1158,1159,Maximum number of employees,
AEMPB2,1,1160,1160,Allocation flag for EEMPB2,
EINCPB2,2,1161,1162,Incorporated business,
AINCPB2,1,1163,1163,Allocation flag for EINCPB2,
EPROPB2,2,1164,1165,Type of proprietorship,
APROPB2,1,1166,1166,Allocation flag for EPROPB2,
EHPRTB2,2,1167,1168,Other owners/partners in household,
AHPRTB2,1,1169,1169,Allocation flag for EHPRTB2,
ESLRYB2,2,1170,1171,Salary draw from business,
ASLRYB2,1,1172,1172,Allocation flag for ESLRYB2,
EOINCB2,2,1173,1174,Receipt of non-salary income,
AOINCB2,1,1175,1175,Allocation flag for EOINCB2,
TPRFTB2,6,1176,1181,Net profit or loss,
APRFTB2,1,1182,1182,Allocation flag for TPRFTB2,
TBMSUM2,5,1183,1187,Income received this month,
ABMSUM2,1,1188,1188,Allocation flag for TBMSUM2,
EPARTB12,4,1189,1192,Person number of partner 1,
EPARTB22,4,1193,1196,Person number of partner 2,
EPARTB32,4,1197,1200,Person number of partner 3,
TBSIND2,2,1201,1202,Industry code,
ABSIND2,1,1203,1203,Allocation flag for TBSIND2,
TBSOCC2,4,1204,1207,Occupation code,
ABSOCC2,1,1208,1208,Allocation flag for TBSOCC2,
EUECTYP5,2,1209,1210,Receipt of State unemployment comp. (ISS,
AUECTYP5,1,1211,1211,Allocation flag for EUECTYP5,
EUECTYP6,2,1212,1213,Receipt of Supplemental Unemployment,
AUECTYP6,1,1214,1214,Allocation flag for EUECTYP6,
ELMPTYP1,2,1215,1216,Receipt of lump sum from,
ALMPTYP1,1,1217,1217,Allocation flag for ELMPTYP1,
ELMPTYP2,2,1218,1219,Receipt of severance pay (ISS Code 15),
ALMPTYP2,1,1220,1220,Allocation flag for ELMPTYP2,
ELMPTYP3,2,1221,1222,Receipt of other type of lump sum payment,
ALMPTYP3,1,1223,1223,Allocation flag for ALMPTYP3,
ESSSELF,2,1224,1225,Receipt of Social Security payments for,
ASSSELF,1,1226,1226,Allocation flag for ESSSELF,
ESSCHILD,2,1227,1228,Receipt of Social Security payments for,
ASSCHILD,1,1229,1229,Allocation flag for ESSCHILD,
ESSICHLD,2,1230,1231,Receipt of Federal SSI for children (ISS,
ASSICHLD,1,1232,1232,Allocation flag for ESSICHLD,
ESSISELF,2,1233,1234,Receipt of Federal SSI for self (ISS Code,
ASSISELF,1,1235,1235,Allocation flag for ESSISELF,
ESTSSI,2,1236,1237,Receipt of State administered SSI (ISS,
ASTSSI,1,1238,1238,Allocation flag for ESTSSI,
RWCMPRSN,2,1239,1240,Reason for receipt of workers',
AWCMPRSN,1,1241,1241,Allocation flag for RWCMPRSN,
RINSRSN,2,1242,1243,Reason for payment from own insurance,
AINSRSN,1,1244,1244,Allocation flag for RINSRSN,
REMPDRSN,2,1245,1246,Reason for receipt of employer disability,
AEMPDRSN,1,1247,1247,Allocation flag for REMPDRSN,
RPENSRSN,2,1248,1249,Reason for pension from company or union,
APENSRSN,1,1250,1250,Allocation flag for RPENSRSN,
RFCSRSN,2,1251,1252,Reason for receipt of federal civilian,
AFCSRSN,1,1253,1253,Allocation flag for RFCSRSN,
RSTATRSN,2,1254,1255,Reason for receipt of state government,
ASTATRSN,1,1256,1256,Allocation flag for RSTATRSN,
RLGOVRSN,2,1257,1258,Reason for receipt of local government,
ALGOVRSN,1,1259,1259,Allocation flag for RLGOVRSN,
RMILRSN,2,1260,1261,Reason for receipt of U.S. military,
AMILRSN,1,1262,1262,Allocation flag for RMILRSN,
RRRSN,2,1263,1264,Reason for receipt of Railroad Retirement,
ARRRSN,1,1265,1265,Allocation flag RRRSN,
ROTHRRSN,2,1266,1267,Reason for receipt of 'other' retirement,
AOTHRRSN,1,1268,1268,Allocation flag for ROTHRRSN,
RLIFIRSN,2,1269,1270,Reason for payments from paid-up life,
ALIFIRSN,1,1271,1271,Allocation flag for RLIFIRSN,
RVETSRSN,2,1272,1273,Reason for receipt of Veterans' comp. or,
AVETSRSN,1,1274,1274,Allocation flag for RVETSRSN,
RESTARSN,2,1275,1276,Reason for receiving income from estates,
AESTARSN,1,1277,1277,Allocation flag for RESTARSN,
EFCCYN,2,1278,1279,Receipt of foster child care payments,
AFCCYN,1,1280,1280,Allocation flag for EFCCYN,
ECSYN,2,1281,1282,Receipt of child support payments (ISS,
ACSYN,1,1283,1283,Allocation flag for ECSYN,
EALIYN,2,1284,1285,Receipt of alimony payments (ISS Code 29),
AALIYN,1,1286,1286,Allocation flag for EALIYN,
EFSYN,2,1287,1288,Receipt of food stamps (ISS Code 27),
AFSYN,1,1289,1289,Allocation flag for EFSYN,
EPSSTHRU,2,1290,1291,Receipt of child support as bonus/passthru,
APSSTHRU,1,1292,1292,Allocation flag for EPSSTHRU,
EPAOTHR1,2,1293,1294,Whether ... received transportation,
APAOTHR1,1,1295,1295,Allocation flag for EPAOTHR1,
EPAOTHR2,2,1296,1297,Whether ... child care services or,
APAOTHR2,1,1298,1298,Allocation flag for EPAOTHR2,
EPAOTHR3,2,1299,1300,Whether ... received food assistance,
APAOTHR3,1,1301,1301,Allocation flag for EPAOTHR3,
EPAOTHR4,2,1302,1303,Whether ... received clothing assistance,
APAOTHR4,1,1304,1304,Allocation flag for EPAOTHR4,
EPAOTHR5,2,1305,1306,Whether ... received housing assistance,
APAOTHR5,1,1307,1307,Allocation flag for EPAOTHR5,
EPAOTHR6,2,1308,1309,Whether ... received welfare assistance,
APAOTHR6,1,1310,1310,Allocation flag for EPAOTHR6,
EWELACT1,2,1311,1312,Attend classes to improve basic reading,
AWELACT1,1,1313,1313,Allocation flag for EWELACT1,
EWELAC21,2,1314,1315,Attend job readiness to learn,
AWELAC21,1,1316,1316,Allocation flag for EWELAC21,
EWELAC22,2,1317,1318,Attend job search program or job club,
AWELAC22,1,1319,1319,Allocation flag for EWELAC22,
EWELAC23,2,1320,1321,Attend training to learn a specific job,
AWELAC23,1,1322,1322,Allocation flag for EWELAC23,
EWELACT3,2,1323,1324,Did ... attend job training,
AWELACT3,1,1325,1325,Allocation flag for EWELACT3,
EWELACT4,2,1326,1327,Participate in a work experience,
AWELACT4,1,1328,1328,Allocation flag for EWELACT4,
EWRKEXP1,2,1329,1330,Already tell about this work/job,
AWRKEXP1,1,1331,1331,Allocation flag for EWRKEXP1,
EWHIEXP1,2,1332,1333,Which job because of arrangement,
AWHIEXP1,1,1334,1334,Allocation flag for WHICHEXP1,
EWRKEXP2,2,1335,1336,Worked to receive cash assistance,
AWRKEXP2,1,1337,1337,Allocation flag for EWRKEXP2,
EWRKEXP3,2,1338,1339,Worked in a work experience program,
AWRKEXP3,1,1340,1340,Allocation flag for EWRKEXP3,
EWHIEXP2,2,1341,1342,Which job worked to received cash,
AWHIEXP2,1,1343,1343,Allocation flag for WHICHEXP2,
EWICYN,2,1344,1345,Recipiency of WIC (ISS Code 25),
AWICYN,1,1346,1346,Allocation flag for EWICYN,
EPATANF1,2,1347,1348,Whether ... received TANF,
EPATANF2,2,1349,1350,Whether ... received TANF,
EPATANF3,2,1351,1352,Whether ... received TANF,
EPATANF4,2,1353,1354,Whether ... received TANF,
EPATANF5,2,1355,1356,Whether ... received AFDC assistance,
EPATANF6,2,1357,1358,Whether ... received other assistance,
APATANF,1,1359,1359,Allocation flag for EPATANF1-EPATANF6,
EASETDRW,2,1360,1361,"Receipt of income from IRA, 401k, or",
AASETDRW,1,1362,1362,Allocation flag for EASETDRW,
ERESNSS1,2,1363,1364,First reason for receipt of Social,
ARESNSS1,1,1365,1365,Allocation flag for ERESNSS1,
ERESNSS2,2,1366,1367,Second reason for receipt of Social,
ARESNSS2,1,1368,1368,Allocation flag for ERESNSS2,
TAGESS,2,1369,1370,Age Social Security Disability payments,
AAGESS,1,1371,1371,Allocation flag for TAGESS,
EJNTSSYN,2,1372,1373,Receipt of joint Social Security payments,
AJNTSSYN,1,1374,1374,Allocation flag for EJNTSSYN,
ETRANTP1,2,1375,1376,Whether ... received transportation,
ETRANTP2,2,1377,1378,Whether ... received transportation,
ETRANTP3,2,1379,1380,Whether ... received transportation,
ETRANTP4,2,1381,1382,Whether ... received transportation,
ETRANTP5,2,1383,1384,Whether ... received transportation,
ATRANTP,1,1385,1385,Allocation flag for ETRANTP1-ETRANTP5,
EGASSCE1,2,1386,1387,Source of gas vouchers -- gov't agency,
EGASSCE2,2,1388,1389,Source of gas vouchers -- someplace else,
AGASSCE,1,1390,1390,Allocation flag for EGASSCE1-EGASSCE2,
ETOKSCE1,2,1391,1392,Where ... received subway/bus,
ETOKSCE2,2,1393,1394,Where ... received subway/bus,
ATOKSCE,1,1395,1395,Allocation flag for ETOKSCE1-ETOKSCE2,
EFOODTP1,2,1396,1397,"food assistance received-money, vouchers",
EFOODTP2,2,1398,1399,food assistance received-bags of groceries,
EFOODTP3,2,1400,1401,food assistance received-meals from,
EFOODTP4,2,1402,1403,food assistance received-other,
AFOODTYP,1,1404,1404,Allocation flag for EFOODTP1-EFOODTP4,
EFOODSC1,2,1405,1406,food assistance source: Government agency,
EFOODSC2,2,1407,1408,food assistance source: Community or,
EFOODSC3,2,1409,1410,food assistance source: Family or friends,
EFOODSC4,2,1411,1412,food assistance source: some place else,
AFOODSCE,1,1413,1413,Allocation flag for EFOODSC1-EFOODSC4,
ECLOTHTP,2,1414,1415,Type of clothing assistance ... received,
ACLOTHTP,1,1416,1416,Allocation flag for ECLOTHTP,
ECLTHSC1,2,1417,1418,Clothing assistance from-government agency,
ECLTHSC2,2,1419,1420,Clothing assistance from-charity,
ECLTHSC3,2,1421,1422,Clothing assistance from-family/friends,
ECLTHSC4,2,1423,1424,Clothing assistance from-employer,
ECLTHSC5,2,1425,1426,Clothing assistance from-some place else,
ACLTHSC,1,1427,1427,Allocation flag for ECLTHSC1-ECLTHSC5,
EPUBHSTP,2,1428,1429,Type of housing assistance ... received,
APUBHSTP,1,1430,1430,Allocation flag for EPUBHSTP,
EPUBHSC1,2,1431,1432,Source of ...'s housing,
EPUBHSC2,2,1433,1434,Source of ...'s housing,
EPUBHSC3,2,1435,1436,Source of ...'s housing,
EPUBHSC4,2,1437,1438,Source of ...'s housing,
APUBHSC,1,1439,1439,Allocation flag for EPUBHSC1-EPUBHSC4,
ECASHSC1,2,1440,1441,Source of cash assistance ... received:,
ECASHSC2,2,1442,1443,Source of cash assist ... received:,
ECASHSC3,2,1444,1445,Source of cash assist ... received:,
ECASHSC4,2,1446,1447,Source of cash assist ... received:,
ACASHSCE,1,1448,1448,Allocation flag for ECASHSCE1-ECASHSCE4,
ECASHGVT,2,1449,1450,Cash assistance from which government,
ACASHGVT,1,1451,1451,Allocation flag for CASHGVT,
EPACASH1,2,1452,1453,Whether ... or child received cash,
APACASH1,1,1454,1454,Allocation flag for EPACASH1,
EPACASH2,2,1455,1456,Whether ... received general assistance,
APACASH2,1,1457,1457,Allocation flag for EPACASH2,
EPACASH3,2,1458,1459,Whether ... received short-term cash,
APACASH3,1,1460,1460,Allocation flag for EPACASH3,
ER01A,2,1461,1462,Receipt of Social Security - Adult (ISS,
AR01A,1,1463,1463,Allocation flag for ER01A,
ER01K,2,1464,1465,Receipt of Social Security - Child (ISS,
AR01K,1,1466,1466,Allocation flag for ER01K,
ER02,2,1467,1468,Receipt of Railroad Retirement (ISS Code,
AR02,1,1469,1469,Allocation flag for ER02,
ER03A,2,1470,1471,Receipt of Federal SSI - Adult (ISS Code,
AR03A,1,1472,1472,Allocation flag for ER03A,
ER03K,2,1473,1474,Receipt of Federal SSI - Child (ISS Code,
AR03K,1,1475,1475,Allocation flag for ER03K,
ER04,2,1476,1477,Receipt of State SSI (ISS Code 4),
AR04,1,1478,1478,Allocation flag for ER04,
ER05,2,1479,1480,Receipt of State Unemployment Comp. (ISS,
AR05,1,1481,1481,Allocation flag for ER05,
ER06,2,1482,1483,Receipt of Supplemental Unemployment,
AR06,1,1484,1484,Allocation flag for ER06,
ER08,2,1485,1486,Receipt of Veterans' Compensation (ISS,
AR08,1,1487,1487,Allocation flag for ER08,
ER10,2,1488,1489,Receipt of Workers Compensation (ISS Code,
AR10,1,1490,1490,Allocation flag for ER10,
ER13,2,1491,1492,"Receipt of own sickness, accident",
AR13,1,1493,1493,Allocation flag for ER13,
ER14,2,1494,1495,Receipt of Employer Disability Payments,
AR14,1,1496,1496,Allocation flag for ER14,
ER15,2,1497,1498,Receipt of Severance Pay (ISS Code 15),
AR15,1,1499,1499,Allocation flag for ER15,
ER20,2,1500,1501,Receipt of public assistance payments,
AR20,1,1502,1502,Allocation flag for ER20,
ER21,2,1503,1504,Receipt of General Assistance or General,
AR21,1,1505,1505,Allocation flag for ER21,
ER23,2,1506,1507,Receipt of Foster Child Care Payments,
AR23,1,1508,1508,Allocation flag for ER23,
ER24,2,1509,1510,Receipt of Other Welfare (ISS Code 24),
AR24,1,1511,1511,Allocation flag for ER24,
ER25,2,1512,1513,Receipt of WIC (ISS Code 25),
AR25,1,1514,1514,Allocation flag for ER25,
ER27,2,1515,1516,Receipt of food stamps (ISS Code 27),
AR27,1,1517,1517,Allocation flag for ER27,
ER28,2,1518,1519,Receipt of Child Support Payments (ISS,
AR28,1,1520,1520,Allocation flag for ER28,
ER29,2,1521,1522,Receipt of Alimony Payments (ISS Code 29),
AR29,1,1523,1523,Allocation flag for ER29,
ER30,2,1524,1525,Receipt of pension from a company or union,
AR30,1,1526,1526,Allocation flag for ER30,
ER31,2,1527,1528,Receipt of Federal Civil Service Pension,
AR31,1,1529,1529,Allocation flag for ER31,
ER32,2,1530,1531,Receipt of U.S. Military Retirement Pay,
AR32,1,1532,1532,Allocation flag for ER32,
ER34,2,1533,1534,Receipt of State Government Pension (ISS,
AR34,1,1535,1535,Allocation flag for ER34,
ER35,2,1536,1537,Receipt of Local Government Pension (ISS,
AR35,1,1538,1538,Allocation flag for ER35,
ER36,2,1539,1540,Receipt of paid-up life insurance annuity,
AR36,1,1541,1541,Allocation flag for ER36,
ER38,2,1542,1543,"Receipt of other retirement, disability",
AR38,1,1544,1544,Allocation flag for ER38,
ER39,2,1545,1546,Receipt of Pension/Retirement Lump Sums,
AR39,1,1547,1547,Allocation flag for ER39,
ER42,2,1548,1549,Receipt of draw from IRA/KEOGH/401k or,
AR42,1,1550,1550,Allocation flag for ER42,
ER51,2,1551,1552,Receipt of money from relatives or friends,
AR51,1,1553,1553,Allocation flag for ER51,
ER52,2,1554,1555,Receipt of lump sum payments (ISS Code 52),
AR52,1,1556,1556,Allocation flag for ER52,
ER55,2,1557,1558,Receipt of incidental or casual earnings,
AR55,1,1559,1559,Allocation flag for ER55,
ER56,2,1560,1561,Receipt of miscellaneous cash income (ISS,
AR56,1,1562,1562,Allocation flag for ER56,
ER60G,2,1563,1564,Receipt of transportation assistance-gas,
AR60G,1,1565,1565,Allocation flag for ER60G,
ER60T,2,1566,1567,Receipt of transportation,
AR60T,1,1568,1568,Allocation flag for ER60T,
ER61,2,1569,1570,Receipt of food assistance (ISS Code 61),
AR61,1,1571,1571,Allocation flag for ER61,
ER62,2,1572,1573,Receipt of clothing assistance (ISS Code,
AR62,1,1574,1574,Allocation flag for ER62,
ER64,2,1575,1576,Receipt of short-term assistance (ISS,
AR64,1,1577,1577,Allocation flag for ER64,
ER75,2,1578,1579,Receipt of other government income (ISS,
AR75,1,1580,1580,Allocation flag for ER75,
T01AMTA,5,1581,1585,Amount of Social Security - Adult (ISS,
A01AMTA,1,1586,1586,Allocation flag for T01AMTA,
T01AMTK,5,1587,1591,Amount of Social Security - Child (ISS,
A01AMTK,1,1592,1592,Allocation flag for T01AMTK,
T02AMT,5,1593,1597,Amount of Railroad Retirement (ISS Code 2),
A02AMT,1,1598,1598,Allocation flag for T02AMT,
T03AMTA,5,1599,1603,Amount of Federal SSI - Adult (ISS Code 3),
A03AMTA,1,1604,1604,Allocation flag for T03AMTA,
T03AMTK,5,1605,1609,Amount of Federal SSI - Child (ISS Code 3),
A03AMTK,1,1610,1610,Allocation flag for T03AMTK,
T04AMT,5,1611,1615,Amount of State SSI (ISS Code 4),
A04AMT,1,1616,1616,Allocation flag for T04AMT,
T05AMT,5,1617,1621,Amount of State unemployment compensation,
A05AMT,1,1622,1622,Allocation flag for T05AMT,
T06AMT,5,1623,1627,Amount of Supplemental Unemployment,
A06AMT,1,1628,1628,Allocation flag for T06AMT,
T08AMT,5,1629,1633,Amount of Veterans compensation or pension,
A08AMT,1,1634,1634,Allocation flag for T08AMT,
T10AMT,5,1635,1639,Amount of workers' compensation (ISS Code,
A10AMT,1,1640,1640,Allocation flag for T10AMT,
T13AMT,5,1641,1645,"Amount of own sickness, accident,",
A13AMT,1,1646,1646,Allocation flag for T13AMT,
T14AMT,5,1647,1651,Amount of employer disability payments,
A14AMT,1,1652,1652,Allocation flag for T14AMT,
T15AMT,5,1653,1657,Amount of severance pay (ISS Code 15),
A15AMT,1,1658,1658,Allocation flag for T15AMT,
T20AMT,5,1659,1663,Amount of public assistance payments (ISS,
A20AMT,1,1664,1664,Allocation flag for T20AMT,
T21AMT,5,1665,1669,Amount of General Assistance or General,
A21AMT,1,1670,1670,Allocation flag for T21AMT,
T23AMT,5,1671,1675,Amount of foster child care payments (ISS,
A23AMT,1,1676,1676,Allocation flag for T23AMT,
T24AMT,5,1677,1681,Amount of other welfare (ISS Code 24),
A24AMT,1,1682,1682,Allocation flag for T24AMT,
T25AMT,5,1683,1687,Amount of WIC payments (ISS Code 25),
A25AMT,1,1688,1688,Allocation flag for T25AMT,
T27AMT,5,1689,1693,Amount of food stamps (ISS Code 27),
A27AMT,1,1694,1694,Allocation flag for T27AMT,
T28AMT,5,1695,1699,Amount of child support payments (ISS,
A28AMT,1,1700,1700,Allocation flag for T28AMT,
T29AMT,5,1701,1705,Amount of alimony payments (ISS Code 29),
A29AMT,1,1706,1706,Allocation flag for T29AMT,
T30AMT,5,1707,1711,Amount of pension from a company or union,
A30AMT,1,1712,1712,Allocation flag for T30AMT,
T31AMT,5,1713,1717,Amount of Federal Civil Service pension,
A31AMT,1,1718,1718,Allocation flag for T31AMT,
T32AMT,5,1719,1723,Amount of U.S. Military retirement pay,
A32AMT,1,1724,1724,Allocation flag for T32AMT,
T34AMT,5,1725,1729,Amount of State government pension (ISS,
A34AMT,1,1730,1730,Allocation flag for T34AMT,
T35AMT,5,1731,1735,Amount of local government pension (ISS,
A35AMT,1,1736,1736,Allocation flag for T35AMT,
T36AMT,5,1737,1741,Amount of income from paid-up life,
A36AMT,1,1742,1742,Allocation flag for T36AMT,
T38AMT,6,1743,1748,"Amt. from other retirement, disability or",
A38AMT,1,1749,1749,Allocation flag for T38AMT,
T39AMT,6,1750,1755,Amount of pension/retirement lump sums,
A39AMT,1,1756,1756,Allocation flag for T39AMT,
T42AMT,5,1757,1761,Amount of draw from an IRA/KEOGH/401k or,
A42AMT,1,1762,1762,Allocation flag for T42AMT,
T51AMT,5,1763,1767,Amount of money from relatives or friends,
A51AMT,1,1768,1768,Allocation flag for T51AMT,
T52AMT,5,1769,1773,Amount of lump sum payments (ISS Code 52),
A52AMT,1,1774,1774,Allocation flag for T52AMT,
T55AMT,5,1775,1779,Amount of incidental or casual earnings,
A55AMT,1,1780,1780,Allocation flag for T55AMT,
T56AMT,5,1781,1785,Amount of miscellaneous cash income,
A56AMT,1,1786,1786,Allocation flag for T56AMT,
T60AMTG,4,1787,1790,Amount of transportation assistance-gas,
A60AMTG,1,1791,1791,Allocation flag for T60AMTG,
T60AMTT,4,1792,1795,Amount of transportation,
A60AMTT,1,1796,1796,Allocation flag for T60AMTT,
T61AMT,4,1797,1800,Amount of food assistance,
A61AMT,1,1801,1801,Allocation flag for T61AMT,
T62AMT,4,1802,1805,Amount of clothing assistance,
A62AMT,1,1806,1806,Allocation flag for T62AMT,
T64AMT,4,1807,1810,Amount of short-term cash assistance,
A64AMT,1,1811,1811,Allocation flag for T64AMT,
T75AMT,6,1812,1817,Amount of other government income (ISS,
A75AMT,1,1818,1818,Allocation flag for T75AMT,
TCSAGY,5,1819,1823,Amount received by Agency on ...'s behalf,
ACSAGY,1,1824,1824,Allocation flag for TCSAGY,
EROLOVR1,2,1825,1826,Money rolled over into IRA/other type of,
AROLOVR1,1,1827,1827,Allocation flag for EROLOVR1,
EROLOVR2,2,1828,1829,Plan to roll over money into IRA/other,
AROLOVR2,1,1830,1830,Allocation flag for EROLOVR2,
TROLLAMT,7,1831,1837,Amnt rolled over into retirement acct in,
AROLLAMT,1,1838,1838,Allocation flag for TROLLAMT,
RAB1R1,2,1839,1840,1st reason applied for Pub Asst/AFDC/TANF,
RAB1R2,2,1841,1842,2nd reason applied for Pub Asst/AFDC/TANF,
RAB2R1,2,1843,1844,1st reason applied for Pub Asst/AFDC/TANF,
RAB2R2,2,1845,1846,2nd reason applied for Pub Asst/AFDC/TANF,
RAS1,2,1847,1848,Reason stopped AFDC/TANF the first time,
RAS2,2,1849,1850,Reason stopped AFDC/TANF the first time,
RWB1R1,2,1851,1852,First reason for applying for WIC the 1st,
RWB1R2,2,1853,1854,Second reason for applying for WIC the,
RWB2R1,2,1855,1856,First reason for applying for WIC the 2nd,
RWB2R2,2,1857,1858,Second reason for applying for WIC the,
RWS1,2,1859,1860,Reason for stopping WIC the first time,
RWS2,2,1861,1862,Reason for stopping WIC the second time,
RFB1R1,2,1863,1864,First reason for applying for food stamps,
RFB1R2,2,1865,1866,2nd reason for applying for food stamps,
RFB2R1,2,1867,1868,1st reason for applying for food stamps,
RFB2R2,2,1869,1870,2nd reason for applying for food stamps,
RFS1,2,1871,1872,Reason for stopping food stamps the first,
RFS2,2,1873,1874,Reason for stopping food stamps the,
RGB1R1,2,1875,1876,1st reason applying for General Asst the,
RGB1R2,2,1877,1878,2nd reason applying for General Asst the,
RGB2R1,2,1879,1880,1st reason applying for General Asst the,
RGB2R2,2,1881,1882,2nd reason applying for General Asst the,
RGS1,2,1883,1884,Reason for stopping General Assist the,
RGS2,2,1885,1886,Reason for stopping General Assist the,
ROB1R1,2,1887,1888,1st reason applying for Other Welfare the,
ROB1R2,2,1889,1890,2nd reason applying for Other Welfare the,
ROB2R1,2,1891,1892,1st reason applying for Other Welfare the,
ROB2R2,2,1893,1894,2nd reason applying for Other Welfare the,
ROS1,2,1895,1896,Reason for stopping Other Welfare the,
ROS2,2,1897,1898,Reason for stopping Other Welfare the,
RSB1R1,2,1899,1900,1st reason applying for SSI the 1st time,
RSB1R2,2,1901,1902,2nd reason applying for SSI the 1st time,
RSB2R1,2,1903,1904,1st reason applying for SSI the 2nd time,
RSB2R2,2,1905,1906,2nd reason applying for SSI the 2nd time,
RSS1,2,1907,1908,Reason for stopping SSI the first time,
RSS2,2,1909,1910,Reason for stopping SSI the second time,
EAST1A,2,1911,1912,U.S. government savings bonds owned,
AAST1A,1,1913,1913,Allocation flag for EAST1A,
EAST1B,2,1914,1915,IRA or Keogh account owned,
AAST1B,1,1916,1916,Allocation flag for EAST1B,
EAST1C,2,1917,1918,401k or thrift plan owned,
AAST1C,1,1919,1919,Allocation flag for EAST1C,
EAST2A,2,1920,1921,Interest earning checking account owned,
AAST2A,1,1922,1922,Allocation flag for EAST2A,
EAST2B,2,1923,1924,Savings account owned,
AAST2B,1,1925,1925,Allocation flag for EAST2B,
EAST2C,2,1926,1927,Money market deposit account owned,
AAST2C,1,1928,1928,Allocation flag for EAST2C,
EAST2D,2,1929,1930,Certificate of deposit owned,
AAST2D,1,1931,1931,Allocation flag for EAST2D,
EAST3A,2,1932,1933,Mutual funds owned,
AAST3A,1,1934,1934,Allocation flag for EAST3A,
EAST3B,2,1935,1936,Stocks owned,
AAST3B,1,1937,1937,Allocation flag for EAST3B,
EAST3C,2,1938,1939,Municipal or corporate bonds owned,
AAST3C,1,1940,1940,Allocation flag for EAST3C,
EAST3D,2,1941,1942,U.S. government securities owned,
AAST3D,1,1943,1943,Allocation flag for EAST3D,
EAST3E,2,1944,1945,Mortgage held,
AAST3E,1,1946,1946,Allocation flag for EAST3E,
EAST4A,2,1947,1948,Rental property owned,
AAST4A,1,1949,1949,Allocation flag for EAST4A,
EAST4B,2,1950,1951,Royalty income received,
AAST4B,1,1952,1952,Allocation flag for EAST4B,
EAST4C,2,1953,1954,Other financial investments owned,
AAST4C,1,1955,1955,Allocation flag for EAST4C,
EJNTRNT,2,1956,1957,Rent from property jointly owned with,
AJNTRNT,1,1958,1958,Allocation flag for EJNTRNT,
TJARNT,5,1959,1963,Amount of gross rent from property joint,
AJARNT,1,1964,1964,Allocation flag for TJARNT,
TJACLR,6,1965,1970,Amt of net rent from prop. held jointly,
AJACLR,1,1971,1971,Allocation flag for TJACLR,
EOWNRNT,2,1972,1973,Any rent from property owned entirely in,
AOWNRNT,1,1974,1974,Allocation flag for EOWNRNT,
TOARNT,5,1975,1979,Amount of gross rent from own property,
AOARNT,1,1980,1980,Allocation flag for TOARNT,
TOACLR,6,1981,1986,Amount of net income from own rental,
AOACLR,1,1987,1987,Allocation flag for TOACLR,
EJRNT2,2,1988,1989,Rent from property owned with others,
AJRNT2,1,1990,1990,Allocation flag for EJRNT2,
TJACLR2,6,1991,1996,Amount of net income from rental property,
AJACLR2,1,1997,1997,Allocation flag for TJACLR2,
EMRTJNT,2,1998,1999,Mortgage owned jointly with spouse,
AMRTJNT,1,2000,2000,Allocation flag for EMRTJNT,
TMIJNT,5,2001,2005,Amount of interest paid on mortgage owned,
AMIJNT,1,2006,2006,Allocation flag for TMIJNT,
EMRTOWN,2,2007,2008,Mortgages held in own name,
AMRTOWN,1,2009,2009,Allocation flag for EMRTOWN,
TMIOWN,5,2010,2014,Amount of interest paid on own mortgage,
AMIOWN,1,2015,2015,Allocation flag for TMIOWN,
TRNDUP1,5,2016,2020,Amount of income from royalties,
ARNDUP1,1,2021,2021,Allocation flag for TRNDUP1,
TRNDUP2,7,2022,2028,Amount of other income from financial,
ARNDUP2,1,2029,2029,Allocation flag for TRNDUP2.,
TOTHPROP,7,2030,2036,Amount of total other property income,
ECKJT,2,2037,2038,Jointly owned interest earning checking,
ACKJT,1,2039,2039,Allocation flag for ECKJT,
TCKJTINT,5,2040,2044,Amount of monthly interest from joint,
ACKJTINT,1,2045,2045,Allocation flag for TCKJTINT.,
ECKOAST,2,2046,2047,Solely owned interest earning checking,
ACKOAST,1,2048,2048,Allocation flag for ECKOAST,
TCKOINT,5,2049,2053,Amount of monthly interest from own,
ACKOINT,1,2054,2054,Allocation flag for TCKOINT.,
ESVJT,2,2055,2056,Ownership of jointly held savings account,
ASVJT,1,2057,2057,Allocation flag for ESVJT,
TSVJTINT,5,2058,2062,Amount of monthly interest on joint,
ASVJTINT,1,2063,2063,Allocation flag for TSVJTINT,
ESVOAST,2,2064,2065,Ownership of solely held savings account,
ASVOAST,1,2066,2066,Allocation flag for ESVOAST.,
TSVOINT,5,2067,2071,Amount of monthly interest from own,
ASVOINT,1,2072,2072,Allocation flag for TSVOINT,
EMDJT,2,2073,2074,Jointly owned money market deposit account,
AMDJT,1,2075,2075,Allocation flag for EMDJT,
TMDJTINT,5,2076,2080,Amount of monthly interest on joint money,
AMDJTINT,1,2081,2081,Allocation flag for TMDJTINT,
EMDOAST,2,2082,2083,Solely owned money market deposit account,
AMDOAST,1,2084,2084,Allocation flag for EMDOAST,
TMDOINT,5,2085,2089,Amt of monthly interest from own money,
AMDOINT,1,2090,2090,Allocation flag for TMDOINT,
ECDJT,2,2091,2092,Jointly owned certificates of deposit,
ACDJT,1,2093,2093,Allocation flag for ECDJT,
TCDJTINT,5,2094,2098,Amount of monthly interest from joint CDs,
ACDJTINT,1,2099,2099,Allocation flag for TCDJTINT,
ECDOAST,2,2100,2101,Solely owned certificates of deposit,
ACDOAST,1,2102,2102,Allocation flag for ECDOAST.,
TCDOINT,5,2103,2107,Amount of monthly interest from solely,
ACDOINT,1,2108,2108,Allocation flag for TCDOINT,
EBDJT,2,2109,2110,Jointly owned municipal or corporate bonds,
ABDJT,1,2111,2111,Allocation flag for EBDJT.,
TBDJTINT,5,2112,2116,Amt of monthly interest from joint,
ABDJTINT,1,2117,2117,Allocation flag for TBDJTINT,
EBDOAST,2,2118,2119,Solely owned municipal or corporate bonds,
ABDOAST,1,2120,2120,Allocation flag for EBDOAST,
TBDOINT,5,2121,2125,Amount of monthly int. from own,
ABDOINT,1,2126,2126,Allocation flag for TBDOINT,
EGVJT,2,2127,2128,Jointly owned U.S. Government securities,
AGVJT,1,2129,2129,Allocation flag for EGVJT,
TGVJTINT,5,2130,2134,Amount of monthly int from joint US Govt,
AGVJTINT,1,2135,2135,Allocation flag for TGVJTINT,
EGVOAST,2,2136,2137,Solely owned U.S. Government securities,
AGVOAST,1,2138,2138,Allocation flag for EGVOAST,
TGVOINT,5,2139,2143,Amount of monthly int from own US Govt,
AGVOINT,1,2144,2144,Allocation flag for TGVOINT,
TINTINC,6,2145,2150,Amount of all interest income,
EMANYCHK,2,2151,2152,Dividend check from joint/sole owned,
AMANYCHK,1,2153,2153,Allocation flag for EMANYCHK,
TMJNTDIV,5,2154,2158,Amount of check from jointly held mutual,
AMJNTDIV,1,2159,2159,Allocation flag for TMJNTDIV,
TMOWNDIV,5,2160,2164,Amount of check from solely held mutual,
AMOWNDIV,1,2165,2165,Allocation flag for TMOWNDIV,
EMOTHDIV,2,2166,2167,Dividends credited against margin accounts,
AMOTHDIV,1,2168,2168,Allocation flag for EMOTHDIV,
TMJADIV,5,2169,2173,Amount of dividends credited to joint,
AMJADIV,1,2174,2174,Allocation flag for TMJADIV,
TMOWNADV,5,2175,2179,Amount of dividends credited to own,
AMOWNADV,1,2180,2180,Allocation flag for TMOWNADV,
ESANYCHK,2,2181,2182,Dividend check for jointly or solely held,
ASANYCHK,1,2183,2183,Allocation flag for ESANYCHK,
TSJNTDIV,5,2184,2188,Amount of dividend check from jointly,
ASJNTDIV,1,2189,2189,Allocation flag for TSJNTDIV,
TSOWNDIV,5,2190,2194,Amount of dividend check for solely held,
ASOWNDIV,1,2195,2195,Allocation flag for TSOWNDIV,
ESOTHDIV,2,2196,2197,Dividends credited to margin account,
ASOTHDIV,1,2198,2198,Allocation flag for ESOTHDIV,
TSJADIV,5,2199,2203,Amount of dividend credited to a joint,
ASJADIV,1,2204,2204,Allocation flag for TSJADIV,
TSOWNADV,5,2205,2209,Amount of dividend credited solely held,
ASOWNADV,1,2210,2210,Allocation flag for TSOWNADV,
TDIVINC,5,2211,2215,Total amount of all dividend income,
ECRMTH,2,2216,2217,Medicare coverage in this month,
ACRMTH,1,2218,2218,Allocation flag for ECRMTH,
RMEDCODE,2,2219,2220,1 digit number indicating type of,
ECDMTH,2,2221,2222,Medicaid coverage in this month,
ACDMTH,1,2223,2223,Allocation flag for ECDMTH,
EMCOCOV,2,2224,2225,Type of public health insurance received,
AMCOCOV,1,2226,2226,Allocation flag for EMCOCOV,
ECDUNT1,3,2227,2229,Medicaid coverage unit for this month,
EHIMTH,2,2230,2231,Health ins cover this mnth(not Medicare,
AHIMTH,1,2232,2232,Allocation flag for EHIMTH,
EHIOWNER,2,2233,2234,"Covered by own plan, someone else's, both",
AHIOWNER,1,2235,2235,Allocation flag for EHIOWNER,
ENONHH,1,2236,2236,Covered by plan owned by person outside,
RCHAMPM,2,2237,2238,Military related health care coverage in,
EHIUNT1,3,2239,2241,1st health insurance coverage unit for,
EHIUNT2,3,2242,2244,2nd health insurance coverage unit for,
EHIUNT3,3,2245,2247,3rd health insurance coverage unit for,
EHEMPLY,2,2248,2249,Source of health insurance,
AHEMPLY,1,2250,2250,Allocation flag for EHEMPLY,
EHICOST,2,2251,2252,Employer/union paid all or part of health,
AHICOST,1,2253,2253,Allocation flag for EHICOST,
EHIOTHER,2,2254,2255,Health insurance coverage of nonhousehold,
AHIOTHER,1,2256,2256,Allocation flag for EHIOTHER,
EHISPSE,2,2257,2258,Coverage of spouse outside the household,
AHISPSE,1,2259,2259,Allocation flag for EHISPSE,
EHIOLDKD,2,2260,2261,Coverage of older child (20+) outside the,
AHIOLDKD,1,2262,2262,Allocation flag for EHIOLDKD,
EHIYNGKD,2,2263,2264,Coverage of younger child (under 20),
AHIYNGKD,1,2265,2265,Allocation flag for EHIYNGKD,
EHIOTHR,2,2266,2267,Coverage of other person(s) outside the,
AHIOTHR,1,2268,2268,Allocation flag for EHIOTHR,
EHIRSN01,2,2269,2270,"Reason not covered: too expensive, can't",
EHIRSN02,2,2271,2272,Reason not covered: HI not offered by,
EHIRSN03,2,2273,2274,Reason not covered: not at job long,
EHIRSN04,2,2275,2276,"Reason not covered: job layoff, job loss,",
EHIRSN05,2,2277,2278,Reason not covered: not eligible-part,
EHIRSN06,2,2279,2280,"Reason not covered: poor health, illness,",
EHIRSN07,2,2281,2282,Reason not covered: don't believe in,
EHIRSN08,2,2283,2284,Reason not covered: haven't needed health,
EHIRSN09,2,2285,2286,Reason not covered: Use VA or military,
EHIRSN10,2,2287,2288,Reason not covered: covered by other,
EHIRSN11,2,2289,2290,Reason not covered: no longer covered by,
EHIRSN12,2,2291,2292,Reason not covered: some other reason,
AHIRSN,1,2293,2293,Allocation for variables EHIRSN01 through,
RPRVHI,2,2294,2295,Recode for type of health care/insurance,
RPRVHI2,2,2296,2297,Recode for type of health care/insurance,
TCDBEGYR,4,2298,2301,In what year did ... become covered by,
ACDBEGYR,1,2302,2302,Allocation flag for TCDBEGYR,
ECDBEGMO,2,2303,2304,In what month did ... become covered by,
ACDBEGMO,1,2305,2305,Allocation flag for ECDBEGMO,
EHIALLCV,2,2306,2307,Has ... always been covered by health,
AHIALLCV,1,2308,2308,Allocation flag for EHIALLCV,
THINOYR,4,2309,2312,In what year was...last not covered by,
AHINOYR,1,2313,2313,Allocation flag for THINOYR,
EHINOMTH,2,2314,2315,In what month was ... last not covered by,
AHINOMTH,1,2316,2316,Allocation flag for EHINOMTH,
EHIEVRCV,2,2317,2318,Has ... ever been covered by health,
AHIEVRCV,1,2319,2319,Allocation flag for EHIEVRCV,
THICVYR,4,2320,2323,In what year was ... last covered by,
AHICVYR,1,2324,2324,Allocation flag for EHICVYR,
EHICVMTH,2,2325,2326,What month was ... last covered by health,
AHICVMTH,1,2327,2327,Allocation flag for EHICVMTH,
LGTKEY,8,2328,2335,Person longitudinal key,
LGTMON,2,2336,2337,Longitudinal month,
FILLER,3,2338,2340,ler,
